Site_code_LR,Occ_laufnr,Yearocc
DELR0399N,3608,2000
DELR0399N,3609,2001
DELR0399N,3610,2002
DELR0399N,3611,2003
DELRT018,3849,1999
DELRT018,3846,1997
DELRT018,3847,1997
DELRT018,3848,1998
DELRT018,3835,1997
DELRT018,3840,1998
DELRT018,3837,1998
DELRT018,3832,1997
DELRT018,3834,1997
DELRT018,3839,1998
DELRT018,3833,1997
DELRT018,3843,1999
DELRT018,3844,1999
DELRT018,3836,1997
DELRT018,3845,1999
DELRT018,3842,1999
DELRT018,3838,1998
DELRT018,3841,1998
HR582,4501,2007
HR581,4500,2007
HR575,4494,2007
HR583,4502,2007
HR574,4493,2007
HR585,4504,2007
HR573,4492,2007
HR577,4496,2007
HR580,4499,2007
HR579,4498,2007
HR576,4495,2007
HR578,4497,2007
HR584,4503,2007
DELR0379N,3544,2005
DELR0379N,3540,2000
DELR0379N,3541,2002
DELR0379N,3543,2004
DELR0379N,3542,2003
DELR0742N,538,2000
DELRT013H,3329,2009
DELRT013H,3328,2009
DELRT013H,3327,2008
DELRT013F,3325,2009
DELRT013F,3324,2008
DELRT013K,3334,2008
DELRT013K,3335,2009
DELR1505N,1123,2006
DELR30,3305,2007
DELR1504N,1122,2006
DELR0665N,3604,2002
DELR0665N,3605,2002
DELR0397N,3597,2001
DELR0397N,3598,2001
DELR0397N,3601,2003
DELR0397N,3599,2002
DELR0397N,3600,2002
DELR0397N,3602,2004
DELR0397N,3603,2004
DELR0397N,3596,2000
DELR0397N,3595,2000
DELR0002N,12,2000
DELR0297N,3887,1999
DELR8889A,3756,2009
DELR8889A,3755,2008
DELR8888A,3753,2008
DELR8888A,3754,2009
DELR1506N,1124,2006
DELR1506N,3316,2009
DELR1509N,1127,2006
DELR0317N,3890,1999
HR553,4491,2007
HR552,4490,2007
HR550,4488,2007
HR546,4484,2007
HR544,4482,2007
HR548,4486,2007
HR547,4485,2007
HR545,4483,2007
HR551,4489,2007
HR549,4487,2007
RS141,4736,2007
RS140,4735,2007
RS142,4737,2007
RS508,4760,2007
RS509,4761,2007
RS510,4762,2007
RS506,4758,2007
RS507,4759,2007
RS511,4763,2007
RS138,4733,2007
RS137,4732,2007
RS139,4734,2007
RS136,4731,2007
DELRT010,3556,2001
DELRT010,3558,2002
DELRT010,3562,2003
DELRT010,3555,2001
DELRT010,3560,2002
DELRT010,3557,2002
DELRT010,3561,2003
DELRT010,3559,2002
DELRT010,3564,2007
DELRT010,3563,2006
DELR0645N,3554,2007
DELR0645N,3553,2006
NLr263,1862,2005
NLr263,1874,1999
NLr263,1866,1998
NLr263,1873,1999
NLr263,1867,2006
NLr263,1869,2003
NLr263,1865,2004
NLr263,1863,2005
NLr263,1870,2002
NLr263,1864,1998
NLr263,1871,2001
NLr263,1872,2000
NLr263,1868,1997
NLr263,2493,1997
NLr263,2492,1998
NLr263,2496,2001
NLr263,2490,2005
NLr263,2491,2004
NLr263,2498,1999
NLr263,2489,2006
NLr263,2495,2002
NLr263,2494,2003
NLr263,2497,2000
NLr259,1859,2002
NLr259,1855,2004
NLr259,1856,2006
NLr259,2479,2006
NLr259,2482,1998
NLr259,2480,2005
NLr259,1860,2001
NLr259,1857,1997
NLr259,2488,1999
NLr259,2481,2004
NLr259,2485,2002
NLr259,2487,2000
NLr259,2483,1997
NLr259,1861,1999
NLr259,2486,2001
NLr259,1853,2005
NLr259,2484,2003
NLr259,1858,2003
NLr259,1854,1998
NLr284,1886,2005
NLr284,1891,2006
NLr284,1890,2003
NLr284,1887,2004
NLr284,1892,2002
NLr284,1893,2001
NLr284,1889,1997
NLr284,1894,2000
NLr284,2514,2006
NLr284,1888,1998
NLr284,1895,1999
NLr284,2517,1997
NLr284,2520,2001
NLr284,2518,1998
NLr284,2519,2003
NLr284,2516,2005
NLr284,2521,2002
NLr284,2522,2000
NLr284,2523,1999
NLr284,2515,2004
NLr275,1883,2000
NLr275,1877,1998
NLr275,1880,2006
NLr275,1884,2000
NLr275,1875,2005
NLr275,1876,2004
NLr275,1879,2003
NLr275,1882,2001
NLr275,1881,2002
NLr275,1885,1999
NLr275,2509,2001
NLr275,2510,2002
NLr275,2499,2005
NLr275,1878,1997
NLr275,2506,1997
NLr275,2503,1997
NLr275,2508,2003
NLr275,2507,2002
NLr275,2512,2001
NLr275,2501,2005
NLr275,2500,2006
NLr275,2504,1998
NLr275,2511,2000
NLr275,2505,2003
NLr275,2502,2004
NLr275,2513,1999
DELR1474N,1096,2002
DELR0387N,3895,2003
DELR0387N,3894,2002
DELR0387N,3893,2001
PL_WIDO06,2683,1998
PL_WIDO06,2685,2000
PL_WIDO06,2684,1998
PL_WIDO06,2686,2000
PL_WIDO06,2687,2000
PL_WIDO07,2688,1998
PL_WIDO07,2689,1998
PL_WIDO05,2681,2000
PL_WIDO05,2680,2000
PL_WIDO05,2679,1998
PL_WIDO05,2678,1998
PL_WIDO05,2682,2000
PL_WIDO2_SO,2699,1998
PL_WIDO2_SO,2700,1998
PL_WIDO2_SO,2701,2000
PL_WIDO04,2674,1998
PL_WIDO04,2677,2000
PL_WIDO04,2676,2000
PL_WIDO04,2675,1998
PL_NARPN05,2625,2005
PL_NARPN04,2619,2005
PL_NARPN03_SO,2608,2001
NLr248,1797,2004
NLr248,1801,2003
NLr248,1810,2003
NLr248,1816,1999
NLr248,1814,2001
NLr248,1811,2001
NLr248,1794,2005
NLr248,1796,1998
NLr248,1802,2001
NLr248,1795,2004
NLr248,2441,1998
NLr248,1798,1997
NLr248,1806,2004
NLr248,2430,1998
NLr248,1805,2006
NLr248,1804,2005
NLr248,1808,2003
NLr248,1799,2003
NLr248,1812,2002
NLr248,1800,2002
NLr248,1815,1999
NLr248,2439,1998
NLr248,1813,2000
NLr248,2424,2006
NLr248,1809,1997
NLr248,2425,2006
NLr248,2428,2004
NLr248,2427,1998
NLr248,1807,1998
NLr248,1803,2000
NLr248,2440,1997
NLr248,2432,2001
NLr248,2436,2006
NLr248,2429,1997
NLr248,2433,2002
NLr248,2445,2000
NLr248,2442,2003
NLr248,2437,2005
NLr248,2431,2003
NLr248,2426,2005
NLr248,2446,1999
NLr248,2434,2000
NLr248,2435,1999
NLr248,2438,2004
NLr248,2444,2001
NLr248,2443,2002
NLr253,1818,2006
NLr253,1829,2001
NLr253,1848,2000
NLr253,1817,1999
NLr253,1843,2002
NLr253,1845,1997
NLr253,1834,2006
NLr253,1820,2004
NLr253,1836,2004
NLr253,1825,2003
NLr253,1851,1999
NLr253,1821,2005
NLr253,1828,2003
NLr253,1830,2000
NLr253,1819,2006
NLr253,1832,1999
NLr253,1824,1997
NLr253,1850,2000
NLr253,1838,1998
NLr253,1831,2000
NLr253,1849,2001
NLr253,1846,2001
NLr253,1826,1997
NLr253,1841,2003
NLr253,1833,1999
NLr253,1822,1998
NLr253,1847,2002
NLr253,1842,1997
NLr253,1835,2006
NLr253,1839,2004
NLr253,1852,1999
NLr253,1823,2004
NLr253,1844,2003
NLr253,1840,1998
NLr253,1837,2005
NLr253,1827,2002
NLr253,2472,1997
NLr253,2451,1997
NLr253,2463,2006
NLr253,2447,2006
NLr253,2462,2005
NLr253,2475,2002
NLr253,2455,2001
NLr253,2466,1998
NLr253,2459,1999
NLr253,2468,1997
NLr253,2469,1998
NLr253,2467,2004
NLr253,2464,2004
NLr253,2453,1997
NLr253,2448,2006
NLr253,2461,2006
NLr253,2470,2002
NLr253,2465,2005
NLr253,2476,2000
NLr253,2477,2000
NLr253,2473,2002
NLr253,2454,2003
NLr253,2452,1998
NLr253,2457,2001
NLr253,2460,1999
NLr253,2449,2005
NLr253,2474,2001
NLr253,2471,2003
NLr253,2450,2004
NLr253,2456,2002
NLr253,2478,1999
NLr253,2458,2000
NLr200,1714,1998
NLr200,1711,1999
NLr200,1719,1999
NLr200,1716,1997
NLr200,1715,2003
NLr200,1723,2004
NLr200,1718,2000
NLr200,1713,2004
NLr200,2353,1998
NLr200,1712,2005
NLr200,1726,2000
NLr200,1724,1997
NLr200,1720,2006
NLr200,1721,2005
NLr200,1725,2003
NLr200,1717,2002
NLr200,2352,1997
NLr200,1722,1998
NLr200,2341,2004
NLr200,2355,1998
NLr200,2356,1997
NLr200,2343,2004
NLr200,2342,1998
NLr200,2346,2002
NLr200,2344,1997
NLr200,2339,2006
NLr200,2340,2005
NLr200,2350,2006
NLr200,2348,2000
NLr200,2351,2005
NLr200,2354,2004
NLr200,2347,2001
NLr200,2357,2003
NLr200,2358,2002
NLr200,2345,2003
NLr200,2359,2000
NLr200,2349,1999
NLr200,2338,1999
NLr207,1747,2006
NLr207,1744,2001
NLr207,1729,2001
NLr207,1742,2002
NLr207,1748,2006
NLr207,1753,2003
NLr207,1736,2005
NLr207,1733,2005
NLr207,1750,2005
NLr207,1752,2004
NLr207,1738,1998
NLr207,1728,2000
NLr207,1732,1999
NLr207,1731,2000
NLr207,1730,2002
NLr207,1743,2000
NLr207,1737,2004
NLr207,1745,2000
NLr207,1734,2006
NLr207,1746,1999
NLr207,1741,2001
NLr207,1751,1998
NLr207,1740,1997
NLr207,1727,1997
NLr207,1739,2003
NLr207,1749,2004
NLr207,1735,2004
NLr207,2366,2006
NLr207,2367,2006
NLr207,2360,2003
NLr207,2371,1997
NLr207,2370,1998
NLr207,2361,1997
NLr207,2368,2005
NLr207,2377,2006
NLr207,2380,1998
NLr207,2364,2000
NLr207,2365,1999
NLr207,2374,2001
NLr207,2379,2005
NLr207,2376,1999
NLr207,2362,2001
NLr207,2375,2000
NLr207,2373,2002
NLr207,2363,2002
NLr207,2372,2003
NLr207,2369,2004
NLr207,2378,2004
NLr177,1698,2006
NLr177,1702,2004
NLr177,1675,1997
NLr177,1687,2004
NLr177,1695,2001
NLr177,1680,2002
NLr177,1676,2003
NLr177,1685,2005
NLr177,1683,2005
NLr177,1684,2006
NLr177,1681,2000
NLr177,1677,1997
NLr177,1688,1998
NLr177,1703,1998
NLr177,1692,2001
NLr177,1699,2006
NLr177,1679,2001
NLr177,1704,2003
NLr177,1700,2005
NLr177,1693,2002
NLr177,1697,1999
NLr177,1691,2002
NLr177,1690,1997
NLr177,1694,2000
NLr177,2319,2006
NLr177,2306,2006
NLr177,1689,2003
NLr177,1678,2000
NLr177,1701,1998
NLr177,1682,1999
NLr177,1696,1999
NLr177,1686,1998
NLr177,2309,2006
NLr177,2313,2002
NLr177,2307,2006
NLr177,2323,2005
NLr177,2320,2006
NLr177,2321,2005
NLr177,2312,1997
NLr177,2304,2000
NLr177,2302,2001
NLr177,2316,2001
NLr177,2301,1997
NLr177,2311,1998
NLr177,2305,1999
NLr177,2315,2002
NLr177,2324,1998
NLr177,2303,2002
NLr177,2322,2004
NLr177,2318,1999
NLr177,2308,2005
NLr177,2310,2004
NLr177,2314,2003
NLr177,2317,2000
NLr177,2300,2003
NLr174,1661,2006
NLr174,1655,1997
NLr174,1666,2001
NLr174,1674,2003
NLr174,1660,2005
NLr174,1672,2005
NLr174,1664,1997
NLr174,1669,1999
NLr174,1662,2004
NLr174,1671,2004
NLr174,1665,2003
NLr174,1668,2000
NLr174,1657,2000
NLr174,1658,2001
NLr174,1659,1999
NLr174,1670,2006
NLr174,1663,1998
NLr174,1673,1998
NLr174,1667,2002
NLr174,1656,2002
NLr174,2290,1997
NLr174,2280,1997
NLr174,2293,2001
NLr174,2296,2006
NLr174,2289,1998
NLr174,2299,1998
NLr174,2287,2005
NLr174,2283,2002
NLr174,2285,1999
NLr174,2298,2005
NLr174,2284,2000
NLr174,2288,2004
NLr174,2291,2002
NLr174,2281,2003
NLr174,2286,2006
NLr174,2292,2003
NLr174,2294,2000
NLr174,2297,2004
NLr174,2282,2001
NLr174,2295,1999
NLr151,1643,2006
NLr151,2271,1997
NLr151,1652,2006
NLr151,1644,2005
NLr151,2261,1998
NLr151,2276,1999
NLr151,2264,1997
NLr151,2272,1998
NLr151,2275,2000
NLr151,1642,1999
NLr151,1653,2005
NLr151,1645,2004
NLr151,2268,2006
NLr151,2266,2000
NLr151,2277,2006
NLr151,2278,2004
NLr151,1651,1999
NLr151,1638,1998
NLr151,1646,1998
NLr151,1648,1997
NLr151,1650,2000
NLr151,1640,1997
NLr151,1639,2002
NLr151,1654,2004
NLr151,1647,2003
NLr151,2279,2005
NLr151,1649,2002
NLr151,1641,2000
NLr151,2273,2001
NLr151,2269,2005
NLr151,2270,2004
NLr151,2267,1999
NLr151,2265,2001
NLr151,2274,2002
NLr151,2262,2002
NLr151,2263,2003
NLr149,1623,1998
NLr149,1626,2001
NLr149,1624,2004
NLr149,1636,2005
NLr149,1630,2004
NLr149,1635,1999
NLr149,1628,1999
NLr149,1634,2002
NLr149,1632,1997
NLr149,1631,1998
NLr149,1627,2002
NLr149,1629,2005
NLr149,1633,2003
NLr149,1625,2003
NLr149,1637,2004
NLr149,2260,2005
NLr149,2253,1997
NLr149,2258,2006
NLr149,2245,1997
NLr149,2247,2002
NLr149,2251,1998
NLr149,2248,2000
NLr149,2256,2000
NLr149,2255,2002
NLr149,2244,1998
NLr149,2250,2005
NLr149,2252,2004
NLr149,2259,2004
NLr149,2246,2003
NLr149,2254,2003
NLr149,2257,1999
NLr149,2249,1999
NLr136,1572,2000
NLr136,1568,2003
NLr136,1567,2004
NLr136,1570,2002
NLr136,1576,2003
NLr136,1571,2000
NLr136,1574,2004
NLr136,1581,1999
NLr136,1580,1999
NLr136,1578,2002
NLr136,1582,2005
NLr136,1569,1997
NLr136,1577,1997
NLr136,1573,1999
NLr136,1579,2000
NLr136,1575,1998
NLr136,1566,1998
NLr136,2183,2001
NLr136,2185,2000
NLr136,2186,2000
NLr136,2192,1997
NLr136,2181,1997
NLr136,2188,2006
NLr136,2198,2005
NLr136,2197,2006
NLr136,2180,1998
NLr136,2195,2000
NLr136,2191,1998
NLr136,2184,2002
NLr136,2182,2003
NLr136,2190,2004
NLr136,2189,2005
NLr136,2194,2002
NLr136,2179,2004
NLr136,2193,2003
NLr136,2196,1999
NLr136,2187,1999
NLr137,1585,1997
NLr137,1584,2004
NLr137,1591,2005
NLr137,1587,2001
NLr137,1593,1998
NLr137,1594,1997
NLr137,1588,2002
NLr137,1592,2004
NLr137,1586,2002
NLr137,1601,2005
NLr137,1599,2006
NLr137,1589,2000
NLr137,1595,2003
NLr137,1590,1999
NLr137,2211,1997
NLr137,2208,2006
NLr137,1598,1999
NLr137,2202,1997
NLr137,2217,1999
NLr137,2210,2004
NLr137,2207,1999
NLr137,2213,2003
NLr137,1583,1998
NLr137,2216,2000
NLr137,2219,2005
NLr137,2215,2002
NLr137,2200,1998
NLr137,2212,1998
NLr137,2205,2002
NLr137,1596,2002
NLr137,2206,2000
NLr137,2218,2006
NLr137,2203,2003
NLr137,2199,2004
NLr137,2209,2005
NLr137,1597,2000
NLr137,1600,2004
NLr137,2204,2001
NLr137,2201,2003
NLr137,2214,2001
NLr127,1543,2003
NLr127,1544,2003
NLr127,2149,2001
NLr127,2145,2005
NLr127,2152,2000
NLr127,2139,2001
NLr127,2142,2006
NLr127,2143,2005
NLr127,2150,2002
NLr127,2154,2006
NLr127,2136,1997
NLr127,2137,2002
NLr127,2146,1997
NLr127,2147,1998
NLr127,2135,1998
NLr127,2155,2005
NLr127,2151,2000
NLr127,2153,1999
NLr127,2156,2004
NLr127,2140,2000
NLr127,2148,2003
NLr127,2138,2003
NLr127,2144,2004
NLr127,2141,1999
NLr125,1538,2004
NLr125,1542,2004
NLr125,1535,2002
NLr125,1539,2002
NLr125,1540,2006
NLr125,1536,2006
NLr125,1541,2005
NLr125,2132,2006
NLr125,1537,2005
NLr125,2125,2006
NLr125,2127,2003
NLr125,2128,2002
NLr125,2130,2000
NLr125,2126,2005
NLr125,2120,2002
NLr125,2121,2003
NLr125,2133,2005
NLr125,2123,2000
NLr125,2119,1998
NLr125,2134,2004
NLr125,2131,1999
NLr125,2124,1999
NLr125,2129,2001
NLr125,2122,2001
SK44,4818,2007
SK40,4814,2007
SK41,4815,2007
SK45,4819,2007
SK39,4813,2007
SK51,4825,2007
SK52,4826,2007
SK46,4820,2007
SK49,4823,2007
SK42,4816,2007
SK38,4812,2007
SK48,4822,2007
SK50,4824,2007
SK47,4821,2007
SK43,4817,2007
DELRT004,3392,2007
PL_NAR01,2573,1999
PL_NAR04_SO,2576,1999
HU85,4602,2007
HU84,4601,2007
HU86,4603,2007
HU88,4605,2007
HU87,4604,2007
HU488,4567,2007
HU479,4558,2007
HU487,4566,2007
HU92,4609,2007
HU480,4559,2007
HU485,4564,2007
HU484,4563,2007
HU482,4561,2007
HU483,4562,2007
HU91,4608,2007
HU489,4568,2007
HU486,4565,2007
HU89,4606,2007
HU90,4607,2007
HU481,4560,2007
DELRT016,3708,1997
DELRT016,3709,1997
DELRT016,3710,1997
DELRT016,3711,1997
DELRT016,3712,1998
DELRT016,3713,1998
DELRT016,3714,1998
DELRT016,3715,1999
DELRT016,3717,2000
DELRT016,3718,2000
DELRT016,3716,1999
DELRT016,3702,2002
DELRT016,3703,2002
DELRT016,3701,2001
DELRT016,3752,2000
DELRT016,3704,2003
DELRT016,3746,2000
DELRT016,3747,2000
DELRT016,3751,2000
DELRT016,3739,1999
DELRT016,3685,1997
DELRT016,3691,1998
DELRT016,3744,2000
DELRT016,3749,2000
DELRT016,3748,2000
DELRT016,3707,2004
DELRT016,3706,2004
DELRT016,3684,1997
DELRT016,3687,1997
DELRT016,3690,1998
DELRT016,3688,1998
DELRT016,3695,1999
DELRT016,3736,1999
DELRT016,3686,1997
DELRT016,3705,2003
DELRT016,3699,2000
DELRT016,3743,2000
DELRT016,3741,1999
DELRT016,3750,2000
DELRT016,3698,2000
DELRT016,3693,1999
DELRT016,3745,2000
DELRT016,3694,1999
DELRT016,3742,1999
DELRT016,3740,1999
DELRT016,3692,1999
DELRT016,3689,1998
DELRT016,3696,2000
DELRT016,3737,1999
DELRT016,3738,1999
DELRT016,3697,2000
DELRT016,3700,2001
DELRT019,3673,1997
DELRT019,3674,1998
DELRT019,3675,1999
DELRT019,3662,1998
DELRT019,3664,1999
DELRT019,3660,1997
DELRT019,3661,1998
DELRT019,3663,1999
DELRT019,3666,2000
DELRT019,3665,2000
DELRT019,3667,2001
DELRT019,3659,1997
DELRT019,3668,2001
DELRT019,3670,2002
DELRT019,3669,2002
DELRT019,3672,2003
DELRT019,3671,2003
DELRT017,3783,2000
DELRT017,3779,1998
DELRT017,3780,1999
DELRT017,3781,2000
DELRT017,3782,2000
DELRT017,3778,1997
DELRT017,3773,1999
DELRT017,3777,2000
DELRT017,3768,1997
DELRT017,3770,1998
DELRT017,3772,1999
DELRT017,3774,2000
DELRT017,3767,1997
DELRT017,3805,2000
DELRT017,3775,2000
DELRT017,3776,2000
DELRT017,3769,1998
DELRT017,3771,1999
DELRT017,3810,2000
DELRT017,3803,1999
DELRT017,3801,1999
DELRT017,3813,2000
DELRT017,3809,2000
DELRT017,3807,2000
DELRT017,3806,2000
DELRT017,3811,2000
DELRT017,3802,1999
DELRT017,3804,1999
DELRT017,3808,2000
DELRT017,3799,1999
DELRT017,3812,2000
DELRT017,3800,1999
DELR01,3304,2008
PL_WIDO11,2695,1998
PL_WIDO12,2697,1998
PL_WIDO12,2696,1998
PL_WIDO03_SO,2672,1998
UA632,4853,2007
UA631,4852,2007
RO671,4670,2007
RO672,4671,2007
RO673,4672,2007
DELR1479N,1098,2002
BG373,4425,2007
BG375,4427,2007
BG374,4426,2007
BG376,4428,2007
RO738,4717,2007
RO739,4718,2007
RO740,4719,2007
DELRT002,3391,2007
DELR0477N,3911,2003
DELR0477N,3910,2002
DELR0391N,3581,2001
SK56,4830,2007
SK60,4834,2007
SK59,4833,2007
SK63,4837,2007
SK55,4829,2007
SK53,4827,2007
SK54,4828,2007
SK57,4831,2007
SK62,4836,2007
SK58,4832,2007
SK61,4835,2007
PL_BIE01,2731,1997
PL_BIEDAW_SO,2566,1997
DELR0403N,3679,2003
DELR0403N,3678,2000
DELR0403N,3677,2002
DELR0403N,3676,2001
PL_BIEDOL_SZ,2567,1998
DELR0659N,3877,2005
DELR0659N,3878,2006
DELR0653N,3875,2006
DELR0617N,3880,2005
DELR0617N,3879,2005
DELR0617N,3881,2006
DELR0658N,3876,2006
DELR0396N,3900,2000
DELR0396N,3901,2001
DELR0396N,3903,2003
DELR0396N,3902,2002
RO702,4693,2007
RO701,4692,2007
RO700,4691,2007
RO703,4694,2007
BG617,4439,2007
BG615,4437,2007
BG616,4438,2007
BG614,4436,2007
BG612,4434,2007
BG613,4435,2007
BG611,4433,2007
BG607,4429,2007
BG608,4430,2007
BG610,4432,2007
BG609,4431,2007
RO623,4640,2007
RO628,4645,2007
RO675,4674,2007
RO674,4673,2007
RO624,4641,2007
RO622,4639,2007
RO678,4677,2007
RO625,4642,2007
RO677,4676,2007
RO676,4675,2007
RO626,4643,2007
RO627,4644,2007
RO691,4682,2007
RO630,4647,2007
RO629,4646,2007
RO693,4684,2007
RO690,4681,2007
RO692,4683,2007
RO163,4631,2007
RO162,4630,2007
RO159,4627,2007
RO164,4632,2007
RO679,4678,2007
RO161,4629,2007
RO158,4626,2007
RO160,4628,2007
RO680,4679,2007
RO681,4680,2007
DELR1511N,1129,2002
PL_NAR07_SZ,2579,1999
DELRT013I,3331,2009
DELRT013I,3330,2008
DELR1506B,3317,2009
DELR0388N,3571,2002
DELR0388N,3570,2001
DELR0388N,3572,2003
DELR0725N,526,2003
DELR0724N,518,2003
DELR0724N,523,1997
DELR0724N,522,1997
DELR0724N,524,1998
DELR0724N,525,1998
DELR0728N,529,2003
DELR0716N,514,2003
DELR0713N,511,2005
DELR0714N,512,2003
DELR0721N,519,2003
DELR0723N,521,2003
AT261,4266,2007
AT26,4265,2007
AT241,4262,2007
AT240,4261,2007
AT275,4281,2007
AT25,4264,2007
AT263,4268,2007
AT262,4267,2007
AT274,4280,2007
AT242,4263,2007
AT237,4257,2007
AT266,4271,2007
AT273,4279,2007
AT269,4274,2007
AT267,4272,2007
AT239,4259,2007
AT271,4277,2007
AT265,4270,2007
AT270,4276,2007
AT238,4258,2007
AT268,4273,2007
AT272,4278,2007
AT264,4269,2007
AT276,4282,2007
AT280,4287,2007
AT282,4289,2007
AT281,4288,2007
AT277,4283,2007
AT278,4284,2007
AT279,4285,2007
DELR0440N,3590,2004
DELR0440N,3914,2004
DELR0440N,3588,2003
DELR0440N,3586,2001
DELR0440N,3587,2002
DELR0440N,3589,2003
ATDONA163,4,2000
ATDONA163,5,2000
ATDONA163,3,1999
ATDONA163,2,1999
ATDONA163,1,1999
DELR0296N,3886,2004
DELR0296N,3885,2003
DELR0296N,3884,2002
DELR0296N,3883,2001
DELR0296N,4182,1999
DELR1507N,1125,2006
NLr216,1770,2000
NLr216,1757,1999
NLr216,1756,2005
NLr216,1759,1998
NLr216,1754,2005
NLr216,1771,2005
NLr216,1769,2002
NLr216,1763,2002
NLr216,1755,2005
NLr216,1761,2004
NLr216,2381,2000
NLr216,1765,2001
NLr216,1766,2002
NLr216,1764,2003
NLr216,2393,2002
NLr216,2382,2001
NLr216,2394,2003
NLr216,2383,2006
NLr216,1762,2004
NLr216,1767,2000
NLr216,1760,1998
NLr216,2392,1997
NLr216,2388,1998
NLr216,1768,2001
NLr216,2395,1997
NLr216,2390,2004
NLr216,2400,2006
NLr216,1758,1999
NLr216,2399,2001
NLr216,2386,1999
NLr216,2384,2000
NLr216,2391,2004
NLr216,2396,2002
NLr216,2397,2003
NLr216,2389,1998
NLr216,2398,2000
NLr216,2385,2005
NLr216,2387,1999
NLr222,1784,2003
NLr222,1783,1997
NLr222,1779,2004
NLr222,1787,2000
NLr222,1792,2005
NLr222,1772,2000
NLr222,1781,2003
NLr222,1782,2004
NLr222,1791,2001
NLr222,1789,2006
NLr222,1777,1998
NLr222,1786,2003
NLr222,1776,1999
NLr222,1774,2006
NLr222,1775,1999
NLr222,1780,2004
NLr222,2413,2003
NLr222,1778,1998
NLr222,1790,2000
NLr222,1793,2006
NLr222,1773,2005
NLr222,2406,2005
NLr222,2422,2002
NLr222,2412,1997
NLr222,1785,2002
NLr222,2414,2004
NLr222,2409,1998
NLr222,1788,2001
NLr222,2419,2003
NLr222,2423,2006
NLr222,2401,2000
NLr222,2404,2000
NLr222,2421,2001
NLr222,2417,1997
NLr222,2420,2000
NLr222,2403,2006
NLr222,2416,2003
NLr222,2405,2005
NLr222,2418,2002
NLr222,2408,1999
NLr222,2407,1999
NLr222,2415,1997
NLr222,2411,2004
NLr222,2402,2001
NLr222,2410,1998
NLr190,1709,2002
NLr190,1705,1999
NLr190,1708,1997
NLr190,1710,2000
NLr190,1706,1998
NLr190,1707,2004
NLr190,2326,2005
NLr190,2335,2003
NLr190,2331,1998
NLr190,2328,2005
NLr190,2330,1998
NLr190,2337,2002
NLr190,2327,2006
NLr190,2333,2003
NLr190,2334,2004
NLr190,2332,1997
NLr190,2336,2001
NLr190,2329,1999
NLr190,2325,2000
NLr116,1486,2004
NLr116,1493,1997
NLr116,1499,2005
NLr116,1504,1998
NLr116,1488,1997
NLr116,1496,2000
NLr116,1489,2003
NLr116,1494,2001
NLr116,1495,2002
NLr116,1502,1999
NLr116,1506,1997
NLr116,1505,1998
NLr116,1491,2002
NLr116,1487,2004
NLr116,1501,2005
NLr116,1507,1998
NLr116,1492,2003
NLr116,1500,2006
NLr116,1490,1997
NLr116,1497,2001
NLr116,1498,2000
NLr116,1503,1999
NLr116,2093,2006
NLr116,2094,2005
NLr116,2089,2001
NLr116,2081,2004
NLr116,2082,1997
NLr116,2087,2002
NLr116,2085,2003
NLr116,2078,1997
NLr116,2091,2000
NLr116,2096,1999
NLr116,2084,2002
NLr116,2097,1998
NLr116,2092,2005
NLr116,2080,1997
NLr116,2079,2004
NLr116,2095,1999
NLr116,2090,2006
NLr116,2083,2003
NLr116,2086,2001
NLr116,2098,1998
NLr116,2088,2000
NLr801,1901,2000
NLr801,1910,1998
NLr801,1899,2001
NLr801,1902,2001
NLr801,1903,2000
NLr801,1909,1998
NLr801,1907,1999
NLr801,1904,2005
NLr801,1908,1999
NLr801,2536,1998
NLr801,2537,1998
NLr801,1897,1997
NLr801,2526,1997
NLr801,1911,1997
NLr801,2528,2001
NLr801,2534,2006
NLr801,1906,2005
NLr801,2524,1997
NLr801,1896,2004
NLr801,1898,2003
NLr801,1900,2002
NLr801,1905,2006
NLr801,2533,2005
NLr801,2529,2002
NLr801,2525,2004
NLr801,2532,2006
NLr801,2531,2001
NLr801,2530,2000
NLr801,2535,1999
NLr801,2527,2003
NLr117,1516,2001
NLr117,1524,1998
NLr117,1512,2003
NLr117,1510,2003
NLr117,1517,2006
NLr117,1508,2004
NLr117,1518,2005
NLr117,1513,2001
NLr117,1523,1998
NLr117,1509,2004
NLr117,1520,2005
NLr117,1519,2006
NLr117,1521,1999
NLr117,1511,1997
NLr117,1514,2002
NLr117,2099,1997
NLr117,2106,2006
NLr117,2107,1999
NLr117,2104,2001
NLr117,2103,2000
NLr117,1515,2000
NLr117,1522,1999
NLr117,2105,2005
NLr117,2102,2002
NLr117,2100,2004
NLr117,2101,2003
NLr117,2108,1998
RO641,4656,2007
RO635,4650,2007
RO636,4651,2007
RO639,4654,2007
RO638,4653,2007
RO640,4655,2007
RO642,4657,2007
RO637,4652,2007
RO634,4649,2007
RO633,4648,2007
PL_BIE06,2562,1999
DELR0312N,3871,1999
DELR0312N,3873,2007
DELR0312N,3872,2003
DELR9995H,3874,2007
DELR0310N,3889,1999
DELR0495N,3870,2007
DELR0496N,3869,2003
PL_WIDO10,2694,1998
PL_WIDO13,2698,1998
NLr013,1322,2002
NLr013,1323,2001
NLr013,1321,2003
NLr013,1326,2005
NLr013,1318,2004
NLr013,1325,1999
NLr013,1324,2000
NLr013,1319,1998
NLr013,1320,1997
NLr013,1317,2006
NLr021,1329,1998
NLr021,1327,2006
NLr021,1328,2004
NLr021,1336,2005
NLr021,1331,2003
NLr021,1333,2001
NLr021,1332,2002
NLr021,1330,1997
NLr021,1334,2000
NLr021,1335,1999
NLr004,1312,2003
NLr004,1309,1997
NLr004,1310,2003
NLr004,1311,2002
NLr004,1306,2006
NLr004,1315,1999
NLr004,1314,2000
NLr004,1313,2001
NLr004,1307,2004
NLr004,1316,2005
NLr004,1308,1998
NLr002,1302,2002
NLr002,1305,1999
NLr002,1303,2001
NLr002,1304,2000
NLr002,1299,2006
NLr002,1300,1998
NLr002,1301,1997
RS520,4772,2007
RS524,4776,2007
RS153,4748,2007
RS521,4773,2007
RS522,4774,2007
RS523,4775,2007
RS149,4744,2007
RS150,4745,2007
RS519,4771,2007
RS151,4746,2007
RS152,4747,2007
DELRT005,3393,2007
DELR1482N,1100,2002
DELR15,3296,2006
DELR0320N,3891,1999
ATDONA165,7,1999
ATDONA165,8,1999
ATDONA165,6,1999
DELR0787N,558,2001
DELR0787N,3308,2007
DELR0378N,3892,2000
DELR0407N,3829,2000
DELR0407N,3831,2002
DELR0407N,3830,2001
DELRT013M,3337,2008
DELRT013J,3333,2009
DELRT013J,3332,2008
DELR0774N,557,2004
DELR0774N,545,2004
DELR0774N,546,2004
DELR0776N,549,2004
DELR0776N,550,2004
DELR0404N,406,2000
DELR0775N,547,2004
DELR0775N,548,2004
NLr034,1374,2004
NLr034,1369,2002
NLr034,1379,2003
NLr034,1385,2003
NLr034,1391,2006
NLr034,1389,2000
NLr034,1393,2000
NLr034,1396,1999
NLr034,1366,2001
NLr034,1380,2004
NLr034,1376,1998
NLr034,1368,2000
NLr034,1388,1999
NLr034,1383,2003
NLr034,1401,2004
NLr034,1400,2003
NLr034,1373,2000
NLr034,1403,2002
NLr034,1384,2000
NLr034,1402,1998
NLr034,1377,2004
NLr034,2002,1998
NLr034,1996,2005
NLr034,1981,2003
NLr034,1999,1999
NLr034,1959,2000
NLr034,1969,1997
NLr034,1399,1998
NLr034,1381,2001
NLr034,1397,1999
NLr034,1387,2006
NLr034,1983,2001
NLr034,1386,2001
NLr034,1398,2004
NLr034,1370,2000
NLr034,1382,2002
NLr034,1404,2003
NLr034,1375,2005
NLr034,1367,2002
NLr034,1371,2001
NLr034,1392,1999
NLr034,1961,2006
NLr034,1395,1997
NLr034,1394,1997
NLr034,1390,2005
NLr034,1985,2006
NLr034,1378,1998
NLr034,1990,1999
NLr034,1964,2005
NLr034,1978,1997
NLr034,1957,2002
NLr034,1984,2002
NLr034,1971,2005
NLr034,1372,2006
NLr034,2004,1998
NLr034,1988,2005
NLr034,1979,2001
NLr034,1982,2000
NLr034,1986,2000
NLr034,1989,2006
NLr034,1976,1998
NLr034,2000,1999
NLr034,1967,2005
NLr034,1965,2006
NLr034,1992,2005
NLr034,1970,2004
NLr034,1991,2000
NLr034,1963,2001
NLr034,1993,2006
NLr034,1973,2003
NLr034,1958,2003
NLr034,1962,2000
NLr034,1998,1999
NLr034,1977,2003
NLr034,1968,2006
NLr034,2003,2004
NLr034,1975,1997
NLr034,2005,2004
NLr034,1974,2004
NLr034,1954,1998
NLr034,1994,1997
NLr034,1972,1998
NLr034,1955,2003
NLr034,1980,2002
NLr034,1956,2001
NLr034,1966,2000
NLr034,1995,1999
NLr034,1997,1997
NLr034,2001,1999
NLr034,1960,2002
NLr034,1987,2001
NLr070,1431,2005
NLr070,1428,2006
NLr070,1441,2003
NLr070,1425,2003
NLr070,1410,2000
NLr070,1407,2001
NLr070,1408,2002
NLr070,1411,2001
NLr070,1413,2006
NLr070,1424,2002
NLr070,1432,1997
NLr070,1437,2004
NLr070,1409,2006
NLr070,1418,1998
NLr070,1417,2004
NLr070,1415,2005
NLr070,1426,2006
NLr070,1430,2000
NLr070,1433,1997
NLr070,2035,1998
NLr070,1439,2003
NLr070,1438,1998
NLr070,1416,1998
NLr070,1436,1998
NLr070,1423,2000
NLr070,1419,2003
NLr070,1405,2001
NLr070,1435,2004
NLr070,1414,2004
NLr070,1440,2002
NLr070,1412,2005
NLr070,1421,2002
NLr070,1422,2001
NLr070,1406,2000
NLr070,1427,2005
NLr070,1420,1997
NLr070,2006,1998
NLr070,1429,1999
NLr070,2023,2001
NLr070,2028,1999
NLr070,2011,2002
NLr070,1434,1999
NLr070,2019,1997
NLr070,2012,2001
NLr070,2032,1999
NLr070,2030,1999
NLr070,2029,1997
NLr070,2033,1998
NLr070,2010,2000
NLr070,2008,2001
NLr070,2016,1997
NLr070,2013,2000
NLr070,2021,2001
NLr070,2031,1999
NLr070,2027,1997
NLr070,2015,2006
NLr070,2007,2002
NLr070,2014,2005
NLr070,2026,2006
NLr070,2034,2004
NLr070,2025,2005
NLr070,2022,2002
NLr070,2020,1998
NLr070,2017,2004
NLr070,2009,2003
NLr070,2018,2003
NLr070,2024,2000
NLr031,1346,1998
NLr031,1363,1998
NLr031,1364,1998
NLr031,1357,2000
NLr031,1351,2003
NLr031,1348,2002
NLr031,1347,2001
NLr031,1361,1999
NLr031,1340,2001
NLr031,1342,2005
NLr031,1345,2005
NLr031,1356,1999
NLr031,1354,2000
NLr031,1350,2001
NLr031,1353,1999
NLr031,1355,2005
NLr031,1358,2005
NLr031,1338,2000
NLr031,1339,2000
NLr031,1349,2000
NLr031,1359,1997
NLr031,1360,1997
NLr031,1343,2006
NLr031,1341,2006
NLr031,1365,2003
NLr031,1344,2004
NLr031,1362,2004
NLr031,1337,2002
NLr031,1917,2005
NLr031,1921,2006
NLr031,1950,2004
NLr031,1941,2006
NLr031,1938,2005
NLr031,1923,2004
NLr031,1926,2003
NLr031,1943,1999
NLr031,1352,2006
NLr031,1942,1997
NLr031,1919,2000
NLr031,1932,2001
NLr031,1940,1999
NLr031,1952,2003
NLr031,1949,2004
NLr031,1927,2004
NLr031,1946,1999
NLr031,1934,2003
NLr031,1922,1998
NLr031,1920,2004
NLr031,1928,1997
NLr031,1933,2002
NLr031,1925,1998
NLr031,1912,2003
NLr031,1953,2004
NLr031,1931,1997
NLr031,1930,2003
NLr031,1935,2000
NLr031,1947,1999
NLr031,1916,2001
NLr031,1937,2000
NLr031,1948,1999
NLr031,1914,2001
NLr031,1918,2006
NLr031,1915,2000
NLr031,1936,2001
NLr031,1929,2002
NLr031,1924,2005
NLr031,1951,1998
NLr031,1944,2005
NLr031,1939,2006
NLr031,1945,1997
NLr031,1913,2002
DELR0001N,11,2005
DELR0731N,532,2005
HR593,4512,2007
HR586,4505,2007
HR589,4508,2007
HR587,4506,2007
HR592,4511,2007
HR588,4507,2007
HR590,4509,2007
HR595,4514,2007
HR594,4513,2007
HR591,4510,2007
DELR0636N,3551,2006
AT208,4243,2007
AT201,4236,2007
AT209,4244,2007
AT214,4250,2007
AT202,4237,2007
AT215,4251,2007
AT204,4239,2007
AT216,4252,2007
AT18,4216,2007
AT13,4200,2007
AT14,4201,2007
AT24,4260,2007
AT23,4256,2007
AT22,4254,2007
AT15,4202,2007
AT21,4245,2007
AT17,4209,2007
AT19,4223,2007
AT20,4234,2007
AT16,4203,2007
AT205,4240,2007
AT197,4231,2007
AT207,4242,2007
AT217,4253,2007
AT203,4238,2007
AT213,4249,2007
AT212,4248,2007
AT206,4241,2007
AT199,4233,2007
AT211,4247,2007
AT210,4246,2007
AT200,4235,2007
AT198,4232,2007
PL_NAR08_SZ,2580,1999
DE101,4462,2007
DE109,4470,2007
DE108,4469,2007
DE107,4468,2007
DE106,4467,2007
DE104,4465,2007
DE103,4464,2007
DE102,4463,2007
DE110,4472,2007
DE105,4466,2007
PL_WISR01,2703,1999
PL_WISR01_SO,2702,1999
PL_WIDO08,2690,2000
PL_WIDO08,2691,2000
DELR4,3301,2008
DELR1485N,1102,2002
DELR6,3298,2008
DELR9999H,3680,2007
DELR9996H,3682,2007
DELR9997H,3681,2007
DELR02,3303,2008
ATDONA168,10,1999
ATDONA168,9,1999
PL_NID05,2667,1999
DELRT014,1105,2001
DELRT014,1104,2001
DELRT014,1109,2002
DELRT014,1107,2002
DELRT014,1106,2002
DELRT014,1108,2002
DELR1508N,1126,2006
PL_NAR05_SO,2577,1999
PL_NARPN08,2645,2005
PL_NARPN08,2641,2004
PL_NARPN08,2643,2005
PL_NARPN08,2647,2005
PL_NARPN08,2640,2004
PL_NARPN08,2642,2005
PL_NARPN08,2644,2005
PL_NARPN08,2639,2004
PL_NARPN08,2646,2005
PL_NARPN09_SO,2654,2005
PL_NARPN09_SO,2656,2005
PL_NARPN09_SO,2652,2004
PL_NARPN09_SO,2658,2005
PL_NARPN09_SO,2651,2004
PL_NARPN09_SO,2657,2005
PL_NARPN09_SO,2650,2004
PL_NARPN09_SO,2659,2005
PL_NARPN09_SO,2655,2005
PL_NARPN09_SO,2648,2000
PL_NARPN09_SO,2649,2000
PL_NARPN09_SO,2653,2005
PL_NARPN07,2637,2000
PL_NARPN07,2636,2000
PL_NARPN10_SO,2661,2000
PL_NARPN10_SO,2662,2000
PL_NARPN08_SO,2638,2001
DELR0437N,3905,2002
DELR0437N,3906,2003
DELR0437N,3904,2001
DELR0367N,3489,2000
DELR0367N,3490,2003
DELR0367N,3491,2006
DELR0367N,3492,2007
DELRT020N,3637,1998
DELRT020N,3636,1998
DELRT020N,3635,1997
DELRT020N,3634,1997
DELRT020N,3633,1997
DELRT020N,3638,1999
DELRT020N,3641,2000
DELRT020N,3639,1999
DELRT020N,3640,1999
DELRT020N,3643,2000
DELRT020N,3642,2000
DELRT020N,3630,2002
DELRT020N,3629,2001
DELRT020N,3631,2003
DELRT020N,3632,2004
DELRT020N,3617,1998
DELRT020N,3624,1999
DELRT020N,3627,2000
DELRT020N,3625,2000
DELRT020N,3626,2000
DELRT020N,3619,1998
DELRT020N,3612,1997
DELRT020N,3623,1999
DELRT020N,3628,2000
DELRT020N,3620,1998
DELRT020N,3616,1997
DELRT020N,3615,1997
DELRT020N,3614,1997
DELRT020N,3618,1998
DELRT020N,3613,1997
DELRT020N,3621,1999
DELRT020N,3622,1999
PL_BIE05,2561,1998
PL_NAR03,2575,1999
DELRT003,3359,2002
DELRT003,3386,2008
DELRT003,3358,2002
DELRT003,3366,2003
DELRT003,3369,2004
DELRT003,3344,2000
DELRT003,3360,2002
DELRT003,3363,2002
DELRT003,3376,2005
DELRT003,3374,2005
DELRT003,3349,2001
DELRT003,3380,2006
DELRT003,3384,2007
DELRT003,3378,2006
DELRT003,3355,2002
DELRT003,3389,2007
DELRT003,3351,2001
DELRT003,3382,2007
DELRT003,3388,2008
DELRT003,3372,2004
DELRT003,3375,2005
DELRT003,3361,2002
DELRT003,3353,2001
DELRT003,3354,2002
DELRT003,3343,2000
DELRT003,3364,2003
DELRT003,3365,2003
DELRT003,3370,2004
DELRT003,3373,2005
DELRT003,3387,2008
DELRT003,3368,2003
DELRT003,3338,1998
DELRT003,3357,2002
DELRT003,3356,2002
DELRT003,3381,2007
DELRT003,3377,2006
DELRT003,3348,2001
DELRT003,3379,2006
DELRT003,3383,2007
DELRT003,3345,2000
DELRT003,3385,2008
DELRT003,3350,2001
DELRT003,3352,2001
DELRT003,3371,2004
DELRT003,3346,2000
DELRT003,3367,2003
DELRT003,3341,1999
DELRT003,3347,2001
DELRT003,3340,1999
DELRT003,3339,1999
DELRT003,3342,1999
DELRT003,3362,2002
DELRT003,3443,2002
DELRT003,3442,2002
DELRT003,3427,2000
DELRT003,3463,2007
DELRT003,3446,2003
DELRT003,3455,2005
DELRT003,3435,2001
DELRT003,3441,2002
DELRT003,3459,2006
DELRT003,3481,2008
DELRT003,3437,2001
DELRT003,3444,2002
DELRT003,3452,2004
DELRT003,3439,2002
DELRT003,3458,2006
DELRT003,3461,2007
DELRT003,3457,2006
DELRT003,3425,2000
DELRT003,3431,2001
DELRT003,3418,1998
DELRT003,3433,2001
DELRT003,3479,2008
DELRT003,3453,2005
DELRT003,3450,2004
DELRT003,3448,2003
DELRT003,3478,2008
DELRT003,3445,2003
DELRT003,3429,2000
DELRT003,3423,1999
DELRT003,3419,1998
DELRT003,3420,1999
DELRT003,3436,2001
DELRT003,3440,2002
DELRT003,3451,2004
DELRT003,3430,2001
DELRT003,3447,2003
DELRT003,3454,2005
DELRT003,3438,2002
DELRT003,3460,2007
DELRT003,3449,2004
DELRT003,3426,2000
DELRT003,3462,2007
DELRT003,3432,2001
DELRT003,3480,2008
DELRT003,3424,2000
DELRT003,3456,2006
DELRT003,3434,2001
DELRT003,3428,2000
DELRT003,3421,1999
DELRT003,3422,1999
DELR03,3302,2008
DELRT001,3390,2007
PL_NARPN03,2613,2004
PL_NARPN03,2612,2004
PL_NARPN03,2611,2004
PL_NARPN03,2614,2005
PL_NARPN03,2615,2005
PL_NARPN03,2616,2005
PL_NARPN03,2610,2000
PL_NARPN03,2617,2005
PL_NARPN03,2609,2000
PL_NARPN02_SO,2598,2004
PL_NARPN02_SO,2600,2005
PL_NARPN02_SO,2604,2005
PL_NARPN02_SO,2602,2005
PL_NARPN02_SO,2594,2000
PL_NARPN02_SO,2596,2004
PL_NARPN02_SO,2595,2000
PL_NARPN02_SO,2597,2004
PL_NARPN02_SO,2599,2005
PL_NARPN02_SO,2603,2005
PL_NARPN02_SO,2605,2005
PL_NARPN02_SO,2601,2005
SK944,4839,2007
SK945,4840,2007
HU72,4589,2007
HU71,4588,2007
HU67,4584,2007
HU74,4591,2007
HU64,4581,2007
HU65,4582,2007
HU70,4587,2007
HU406,4524,2007
HU66,4583,2007
HU405,4523,2007
HU403,4521,2007
HU404,4522,2007
HU407,4525,2007
HU402,4520,2007
HU401,4519,2007
HU73,4590,2007
HU68,4585,2007
HU69,4586,2007
HU408,4526,2007
DELR0648N,3565,2006
DELR0648N,3566,2007
DELR0285N,3534,2002
DELR0285N,3532,1999
DELR0285N,3536,2004
DELR0285N,3538,2006
DELR0285N,3537,2005
DELR0285N,3539,2007
DELR0285N,3533,2000
DELR0285N,3535,2003
DELR0463N,3530,2002
DELR0463N,3531,2004
DELRT011,3915,2001
DELRT011,3516,2001
DELRT011,3520,2002
DELRT011,3524,2003
DELRT011,3521,2002
DELRT011,3519,2002
DELRT011,3525,2003
DELRT011,3523,2003
DELRT011,3526,2004
DELRT011,3522,2002
DELRT011,3528,2006
DELRT011,3518,2001
DELRT011,3515,1999
DELRT011,3529,2007
DELRT011,3527,2005
DELRT011,3517,2000
DELR0329N,3547,2002
DELR0329N,3546,2000
DELR0329N,3548,2003
DELR0329N,3549,2004
DELR0329N,3550,2005
DELR0329N,3545,1999
DELR16,3309,2006
HU98,4617,2007
HU987,4622,2007
HU93,4610,2007
HU985,4620,2007
HU99,4625,2007
HU986,4621,2007
HU493,4571,2007
HU100,4515,2007
HU95,4612,2007
HU96,4613,2007
HU988,4623,2007
HU989,4624,2007
HU94,4611,2007
HU495,4573,2007
HU498,4576,2007
HU502,4580,2007
HU499,4577,2007
HU500,4578,2007
HU491,4569,2007
HU496,4574,2007
HU494,4572,2007
HU497,4575,2007
HU501,4579,2007
HU492,4570,2007
HU97,4614,2007
DELRT013,1117,2001
DELRT013,1116,2001
DELRT013,1118,2002
DELRT013,1119,2002
DELRT013,1121,2002
DELRT013,3318,2009
DELRT013,1120,2002
DELRT013A,3319,2009
DELRT013C,3321,2009
PL_NID01,2663,1998
PL_BIE02,2558,1997
PL_BIEMSC_SO,2570,1997
DELR0394N,3899,2004
DELR0394N,3896,2001
DELR0394N,3897,2002
DELR0394N,3898,2003
RO666,4665,2007
RO667,4666,2007
RO668,4667,2007
RO669,4668,2007
RO670,4669,2007
DELRT006,3394,2007
DELRT013L,3336,2007
DE12,4473,2007
DE3,4475,2007
DE7,4479,2007
DE9,4481,2007
DE1,4460,2007
DE11,4471,2007
DE2,4474,2007
DE8,4480,2007
DE4,4476,2007
DE5,4477,2007
DE6,4478,2007
DE10,4461,2007
NLr100,1468,2006
NLr100,1470,2005
NLr100,1456,2004
NLr100,1459,1998
NLr100,1465,2001
NLr100,1461,2003
NLr100,1460,2002
NLr100,1454,1999
NLr100,1466,2000
NLr100,1463,2002
NLr100,1471,2006
NLr100,1455,1999
NLr100,1464,2003
NLr100,1457,2004
NLr100,1458,1998
NLr100,1462,1997
NLr100,1472,2005
NLr100,1467,2001
NLr100,1469,2000
NLr100,2067,2005
NLr100,2057,2004
NLr100,2058,1998
NLr100,2061,2003
NLr100,2062,2003
NLr100,2065,2005
NLr100,2055,2004
NLr100,2056,1998
NLr100,2066,2006
NLr100,2060,2002
NLr100,2064,2000
NLr100,2054,1999
NLr100,2059,1997
NLr100,2063,2001
NLr076,1444,2004
NLr076,1451,2006
NLr076,1443,2004
NLr076,1452,2005
NLr076,1453,1997
NLr076,1445,1998
NLr076,1447,2003
NLr076,1449,2001
NLr076,1450,2000
NLr076,1442,1999
NLr076,1448,1997
NLr076,2038,1998
NLr076,1446,2002
NLr076,2041,1997
NLr076,2037,1999
NLr076,2052,1997
NLr076,2049,2006
NLr076,2048,2001
NLr076,2047,2000
NLr076,2042,2002
NLr076,2044,2002
NLr076,2050,2000
NLr076,2043,1997
NLr076,2051,2006
NLr076,2046,2001
NLr076,2036,1999
NLr076,2040,1998
NLr076,2053,2005
NLr076,2039,2004
NLr076,2045,2003
PL_NAR06_SZ,2578,1999
RS128,4729,2007
RS129,4730,2007
RS504,4756,2007
RS505,4757,2007
RS124,4725,2007
RS125,4726,2007
RS127,4728,2007
RS126,4727,2007
PL_BIE03,2559,1997
PL_NARPN06,2634,2005
PL_NARPN06,2632,2005
PL_NARPN06,2633,2005
AT368,4350,2007
AT364,4346,2007
AT365,4347,2007
AT366,4348,2007
AT367,4349,2007
AT31,4314,2007
AT30,4308,2007
AT323,4316,2007
AT342,4337,2007
AT334,4328,2007
AT32,4315,2007
AT27,4275,2007
AT343,4338,2007
AT335,4329,2007
AT336,4330,2007
AT29,4297,2007
AT337,4331,2007
AT326,4319,2007
AT341,4336,2007
AT333,4327,2007
AT331,4325,2007
AT332,4326,2007
AT330,4324,2007
AT344,4339,2007
AT329,4322,2007
AT324,4317,2007
AT339,4333,2007
AT338,4332,2007
AT28,4286,2007
AT340,4335,2007
AT328,4321,2007
AT325,4318,2007
AT327,4320,2007
AT358,4344,2007
AT359,4345,2007
AT357,4343,2007
DELRT019OM,3658,1999
DELRT019OM,3656,1997
DELRT019OM,3657,1998
DELRT019OM,3647,1997
DELRT019OM,3646,1997
DELRT019OM,3649,1998
DELRT019OM,3645,1997
DELRT019OM,3650,1998
DELRT019OM,3654,1999
DELRT019OM,3651,1998
DELRT019OM,3648,1998
DELRT019OM,3655,1999
DELRT019OM,3652,1999
DELRT019OM,3653,1999
DELRT019OM,3644,1997
HU978,4615,2007
HU979,4616,2007
HU981,4619,2007
HU980,4618,2007
RO656,4663,2007
RO651,4658,2007
RO657,4664,2007
RO653,4660,2007
RO652,4659,2007
RO654,4661,2007
RO655,4662,2007
SK946,4841,2007
SK947,4842,2007
PL_BIE07,2563,1999
PL_BIEBIA_SO,2564,1998
PL_BIEBIA_SO,2565,1999
PL_BIEFOS_SO,2568,1999
PL_BIEMOS_SZ,2569,1999
PL_BIEOSO_SO,2571,1999
PL_WIWA01,2725,1997
PL_WIWA01,2724,1997
NLr105,1483,2005
NLr105,1485,2002
NLr105,1474,1999
NLr105,1484,2005
NLr105,1482,2006
NLr105,1481,2002
NLr105,2073,2002
NLr105,1473,1999
NLr105,1478,2003
NLr105,1477,1997
NLr105,1475,2004
NLr105,1479,2001
NLr105,1476,1998
NLr105,1480,2000
NLr105,2076,2005
NLr105,2074,2000
NLr105,2070,1998
NLr105,2069,2004
NLr105,2075,2002
NLr105,2077,2006
NLr105,2068,1999
NLr105,2071,2003
NLr105,2072,2001
NLr121,1533,2005
NLr121,1532,2006
NLr121,1525,1999
NLr121,1528,2003
NLr121,1530,2001
NLr121,1526,2004
NLr121,1527,1998
NLr121,1534,2002
NLr121,1529,1997
NLr121,1531,2000
NLr121,2118,2005
NLr121,2117,2006
NLr121,2115,2000
NLr121,2112,1997
NLr121,2111,1998
NLr121,2110,2004
NLr121,2109,1999
NLr121,2116,2002
NLr121,2113,2003
NLr121,2114,2001
RS518,4770,2007
RS512,4764,2007
RS515,4767,2007
RS516,4768,2007
RS144,4739,2007
RS513,4765,2007
RS517,4769,2007
RS514,4766,2007
RS148,4743,2007
RS146,4741,2007
RS147,4742,2007
RS143,4738,2007
RS145,4740,2007
DELR0499N,3850,2003
DELR0773N,544,2002
PL_NID02,2664,1998
PL_NID03,2665,1998
PL_NID04,2666,1998
DELR13,3297,2008
DELR0270N,3514,2007
DELR0270N,3513,2006
DELR0270N,3509,2000
DELR0270N,3512,2005
DELR0270N,3510,2003
DELR0270N,3511,2004
DELR0270N,3508,1999
DELRT012,3493,2001
DELRT012,3498,2002
DELRT012,3502,2003
DELRT012,3500,2002
DELRT012,3499,2002
DELRT012,3496,2001
DELRT012,3497,2002
DELRT012,3503,2003
DELRT012,3507,2007
DELRT012,3494,1999
DELRT012,3501,2003
DELRT012,3495,2000
DELRT012,3506,2006
DELRT012,3504,2004
DELRT012,3505,2005
DELR0553N,3913,2004
PL_WISR02,2705,1999
PL_WISR02,2704,1999
DELRT015,1111,2001
DELRT015,1110,2001
DELRT015,1115,2002
DELRT015,1112,2002
DELRT015,1113,2002
DELRT015,1114,2002
DELRT008,3396,2007
DELRRW1,3411,2009
DELRRW1,3408,2009
DELRRW1,3404,2008
DELRRW1,3406,2009
DELRRW1,3409,2009
DELRRW1,3412,2010
DELRRW1,3415,2010
DELRRW2,3405,2008
DELRRW2,3410,2009
DELRRW2,3407,2009
DELRRW2,3416,2010
DELRRW2,3413,2010
DELRRW3,3414,2010
DELRRW3,3417,2010
DELRT007,3395,2007
RO704,4695,2007
RO706,4697,2007
RO707,4698,2007
RO705,4696,2007
DELR1289N,849,2003
DELR1268N,823,2002
DELR1251N,817,2000
DELR1255N,821,2000
DELR1267N,822,2002
DELR1272N,827,2002
DELR1274N,829,2002
DELR1282N,840,2003
DELR1245N,811,2000
DELR1296N,859,2003
DELR1334N,863,2003
DELR1412N,1069,2006
DELR1412N,1067,2000
DELR1412N,1066,1998
DELR1412N,1068,2004
DELR1279N,835,2003
DELR1237N,803,2000
DELR1222N,788,2000
DELR1223N,789,2000
DELR1225N,791,2000
DELR1229N,795,2000
DELR1230N,796,2000
DELR1233N,799,2000
DELR1234N,800,2000
DELR1278N,834,2003
DELR1236N,802,2000
DELR1294N,856,2003
DELR1239N,805,2000
DELR1240N,806,2000
DELR1241N,807,2000
DELR1242N,808,2000
DELR1338N,867,2003
DELR1247N,813,2000
DELR1291N,852,2003
DELR1235N,801,2000
DELR1393N,1004,1999
DELR1372N,942,2006
DELR1372N,940,2000
DELR1372N,941,2004
DELR1372N,946,2002
DELR1372N,939,1998
DELR1374N,944,1997
DELR1297N,860,2003
DELR1377N,962,2004
DELR1377N,960,2003
DELR1377N,958,2000
DELR1378N,965,2002
DELR1380N,972,1996
DELR1380N,973,1996
DELR1385N,983,1996
DELR1385N,982,1996
DELR1386N,984,2003
DELR1387N,986,1998
DELR1387N,988,2004
DELR1387N,989,2006
DELR1387N,987,2000
DELR1387N,985,1997
DELR1387N,1005,2002
DELR1370N,937,1997
DELR1392N,1003,1996
DELR1373N,943,1996
DELR1396N,1014,2000
DELR1396N,1015,2004
DELR1396N,1016,2006
DELR1396N,1013,1998
DELR1401N,1034,2000
DELR1401N,1033,1998
DELR1401N,1035,2004
DELR1401N,1036,2006
DELR1402N,1038,2002
DELR1402N,1037,1997
DELR1403N,1039,1996
DELR1404N,1040,2002
DELR1405N,1043,2004
DELR1405N,1042,2000
DELR1405N,1044,2006
DELR1405N,1041,1998
DELR1410N,1061,2005
DELR1415N,1087,2001
DELR1415N,1090,2003
DELR1415N,1080,1997
DELR1415N,1089,2002
DELR1415N,1088,2002
DELR1415N,1091,2003
DELR1415N,1086,2001
DELR1415N,1078,1996
DELR1415N,1085,2000
DELR1415N,1094,2005
DELR1415N,1081,1997
DELR1415N,1093,2004
DELR1415N,1092,2004
DELR1414N,1077,2006
DELR1414N,1074,1998
DELR1388N,990,1998
DELR1388N,993,2006
DELR1388N,992,2004
DELR1354N,880,2004
DELR1343N,872,2003
DELR1366N,927,2006
DELR1366N,923,1998
DELR1366N,924,2000
DELR1366N,925,2002
DELR1366N,926,2004
DELR1342N,871,2003
DELR1339N,868,2003
DELR1347N,877,2003
DELR1376N,953,2000
DELR1376N,956,2000
DELR1376N,951,1999
DELR1376N,957,2000
DELR1376N,955,2000
DELR1376N,954,2000
DELR1376N,952,1999
DELR1376N,947,1998
DELR1353N,879,2004
DELR1356N,881,2004
DELR1356N,882,2006
DELR1358N,892,2002
DELR1359N,884,2000
DELR1359N,885,2004
DELR1359N,887,1996
DELR1359N,905,2005
DELR1359N,899,2004
DELR1359N,898,2004
DELR1359N,903,2003
DELR1359N,897,2002
DELR1359N,894,1998
DELR1359N,888,1997
DELR1359N,895,1999
DELR1359N,890,1997
DELR1359N,893,1998
DELR1360N,900,2001
DELR1363N,914,1998
DELR1363N,917,2006
DELR1363N,916,2004
DELR1363N,915,2000
NLr133,1550,2003
NLr133,2158,2006
NLr133,2176,2001
NLr133,1549,1997
NLr133,1560,1997
NLr133,1558,1998
NLr133,1565,2001
NLr133,2175,2002
NLr133,2170,2006
NLr133,1555,2006
NLr133,1556,2005
NLr133,1546,2005
NLr133,1545,2006
NLr133,1561,1999
NLr133,2165,2002
NLr133,1547,2004
NLr133,1554,1999
NLr133,1548,1998
NLr133,1562,2002
NLr133,1557,2004
NLr133,2163,2002
NLr133,1564,2000
NLr133,1559,2003
NLr133,1552,2001
NLr133,1563,2001
NLr133,2173,1997
NLr133,1553,2000
NLr133,2169,2006
NLr133,2162,1997
NLr133,2177,2000
NLr133,2157,2006
NLr133,2160,1998
NLr133,1551,2002
NLr133,2168,1999
NLr133,2167,2000
NLr133,2178,1999
NLr133,2164,2003
NLr133,2166,2001
NLr133,2171,2005
NLr133,2172,2004
NLr133,2174,2003
NLr133,2159,2005
NLr133,2161,2004
NLr143,1622,2001
NLr143,1615,2004
NLr143,1620,2002
NLr143,1604,2006
NLr143,1605,2004
NLr143,1602,2002
NLr143,1611,2000
NLr143,2241,2001
NLr143,1610,2001
NLr143,1621,2000
NLr143,1612,1999
NLr143,1614,2006
NLr143,1619,1999
NLr143,1603,2005
NLr143,1613,2005
NLr143,1618,1997
NLr143,1617,2003
NLr143,1609,2002
NLr143,1606,1998
NLr143,1608,2003
NLr143,2236,1997
NLr143,2224,1997
NLr143,2238,1997
NLr143,1607,1997
NLr143,2225,1998
NLr143,2226,1997
NLr143,2222,1998
NLr143,2232,1999
NLr143,1616,1998
NLr143,2240,2002
NLr143,2220,2006
NLr143,2233,2006
NLr143,2229,2001
NLr143,2227,2002
NLr143,2221,2005
NLr143,2239,2003
NLr143,2242,2000
NLr143,2234,2005
NLr143,2230,2000
NLr143,2235,2004
NLr143,2223,2004
NLr143,2228,2003
NLr143,2237,1998
NLr143,2231,1999
NLr143,2243,1999
NLr802,2555,2002
NLr802,2545,2001
NLr802,2553,1997
NLr802,2549,2006
NLr802,2538,2006
NLr802,2541,1998
NLr802,2542,1997
NLr802,2552,1998
NLr802,2554,2003
NLr802,2539,2005
NLr802,2546,2000
NLr802,2540,2004
NLr802,2550,2005
NLr802,2556,2000
NLr802,2551,2004
NLr802,2543,2002
NLr802,2544,2003
NLr802,2548,1999
NLr802,2547,1999
NLr802,2557,1999
RS865,4790,2007
RS864,4789,2007
RS869,4794,2007
RS867,4792,2007
RS868,4793,2007
RS866,4791,2007
RS877,4798,2007
RS878,4799,2007
RS874,4795,2007
RS876,4797,2007
RS875,4796,2007
RS879,4800,2007
PL_NARPN09,2660,2005
DELR0439N,3908,2001
DELR0439N,3909,2002
DELR0439N,3907,2000
DELR8,3300,2008
DELR0386N,3568,2002
DELR0386N,3569,2003
DELR0386N,3567,2001
DELR0732N,533,2005
DELR0788N,559,2001
DELR0788N,3307,2007
DELR0788N,3306,2007
DELR0321N,3484,2001
DELR0321N,3485,2002
DELR0321N,3488,2005
DELR0321N,3486,2003
DELR0321N,3487,2004
DELR0321N,3482,1999
DELR0321N,3483,2000
DELR0586N,3766,2004
DELR0586N,3765,2004
DELR0545N,3912,2003
DELR11,3299,2008
DELRT021,3866,1997
DELRT021,3867,1998
DELRT021,3868,1999
DELRT021,3865,2007
DELRT021,3864,2003
DELRT021,3855,1997
DELRT021,3858,1998
DELRT021,3853,1997
DELRT021,3863,1999
DELRT021,3854,1997
DELRT021,3862,1999
DELRT021,3857,1998
DELRT021,3851,1997
DELRT021,3852,1997
DELRT021,3859,1998
DELRT021,3861,1999
DELRT021,3860,1999
DELRT021,3856,1998
RO734,4716,2007
RO730,4712,2007
RO729,4711,2007
RO728,4710,2007
RO733,4715,2007
RO731,4713,2007
RO732,4714,2007
PL_NID06,2668,1999
DELRT013D,3322,2009
DELRT013G,3326,2009
DELRT013E,3323,2009
DELRT009,3402,2001
DELRT009,3403,2001
DELRT009,3399,1999
DELRT009,3401,2000
DELRT009,3398,1998
DELRT009,3468,1999
DELRT009,3400,1999
DELRT009,3465,1999
DELRT009,3477,2002
DELRT009,3475,2002
DELRT009,3472,2001
DELRT009,3476,2002
DELRT009,3467,1999
DELRT009,3464,1998
DELRT009,3474,2001
DELRT009,3473,2001
DELRT009,3471,2000
DELRT009,3469,2000
DELRT009,3470,2000
DELRT009,3466,1999
PL_NAR02,2574,1999
DELR17,3310,2006
DELRT022,3828,1998
DELRT022,3827,1998
DELRT022,3825,1997
DELRT022,3826,1997
DELRT022,3815,1997
DELRT022,3816,1997
DELRT022,3820,1998
DELRT022,3824,1999
DELRT022,3819,1998
DELRT022,3823,1999
DELRT022,3821,1998
DELRT022,3814,1997
DELRT022,3817,1997
DELRT022,3818,1998
DELRT022,3822,1999
PL_WISR03,2707,1999
PL_WISR03,2706,1999
PL_WISR04,2708,1999
PL_WISR05,2709,1999
DELR1510N,1128,2006
DELR0638N,3552,2006
DELR0675N,3591,2002
DELR0675N,3594,2004
DELR0675N,3593,2004
DELR0675N,3592,2002
DELRT013B,3320,2009
RO720,4707,2007
RO719,4706,2007
RO722,4709,2007
RO721,4708,2007
PL_NARPN01,2593,2000
PL_NARPN02,2606,2000
PL_NARPN02,2607,2005
PL_NARPN01_SZ,2581,2000
PL_NARPN01_SZ,2591,2005
PL_NARPN01_SZ,2587,2005
PL_NARPN01_SZ,2589,2005
PL_NARPN01_SZ,2585,2004
PL_NARPN01_SZ,2582,2000
PL_NARPN01_SZ,2592,2005
PL_NARPN01_SZ,2588,2005
PL_NARPN01_SZ,2583,2004
PL_NARPN01_SZ,2586,2005
PL_NARPN01_SZ,2584,2004
PL_NARPN01_SZ,2590,2005
PL_WISR07,2713,2003
PL_WISR07,2712,2003
PL_WISR06,2711,2002
PL_WISR06,2710,2002
HU113,4518,2007
HU111,4516,2007
HU112,4517,2007
HU457,4554,2007
HU456,4553,2007
HU455,4552,2007
HU459,4556,2007
HU460,4557,2007
HU454,4551,2007
HU453,4550,2007
HU452,4549,2007
HU458,4555,2007
HU451,4548,2007
HU80,4597,2007
HU82,4599,2007
HU78,4595,2007
HU83,4600,2007
HU79,4596,2007
HU75,4592,2007
HU76,4593,2007
HU77,4594,2007
HU450,4547,2007
HU446,4543,2007
HU447,4544,2007
HU448,4545,2007
HU443,4540,2007
HU442,4539,2007
HU441,4538,2007
HU449,4546,2007
HU444,4541,2007
HU445,4542,2007
HU81,4598,2007
PL_BIE04,2560,1998
DELR9998H,3683,2007
PL_WISR08,2717,2007
PL_WISR08,2715,2003
PL_WISR08,2716,2007
PL_WISR08,2714,2003
PL_WISR08,2718,2007
PL_WISR09,2720,2002
PL_WISR09,2723,2007
PL_WISR09,2721,2007
PL_WISR09,2722,2007
PL_WISR09,2719,2002
DELR0733N,534,2000
PL_WIDO09,2692,1998
PL_BIEWIS_SZ,2572,1999
RO695,4686,2007
RO696,4687,2007
RO694,4685,2007
RO698,4689,2007
RO697,4688,2007
RO699,4690,2007
DELR0764N,543,2006
DELR0764N,539,2002
DELR0764N,541,2002
RS528,4780,2007
RS527,4779,2007
RS384,4749,2007
RS385,4750,2007
RS386,4751,2007
RS525,4777,2007
RS526,4778,2007
RS388,4753,2007
RS390,4755,2007
RS387,4752,2007
RS389,4754,2007
DELR0543N,3758,2003
DELR0543N,3757,2003
DELR0392N,3582,2002
DELR0392N,3583,2004
DELR0392N,3584,2001
DELR0392N,3585,2003
DELRT023,3397,2007
DELR18,3311,2006
DELR0778N,554,2004
DELR0778N,553,2004
RO604,4636,2007
RO713,4704,2007
RO710,4701,2007
RO709,4700,2007
RO714,4705,2007
RO603,4635,2007
RO606,4638,2007
RO602,4634,2007
RO601,4633,2007
RO712,4703,2007
RO708,4699,2007
RO711,4702,2007
RO605,4637,2007
DELR0305N,3888,1999
PL_NARPN05_SO,2622,2005
PL_NARPN05_SO,2624,2005
PL_NARPN05_SO,2621,2005
PL_NARPN05_SO,2620,2004
PL_NARPN05_SO,2623,2005
PL_NARPN06_SO,2628,2005
PL_NARPN06_SO,2630,2005
PL_NARPN06_SO,2626,2000
PL_NARPN06_SO,2627,2005
PL_NARPN06_SO,2631,2005
PL_NARPN06_SO,2629,2005
PL_NARPN07_SO,2635,2001
PL_WIWA04,2730,1997
PL_WIWA04,2729,1997
PL_WIWA03,2728,1997
PL_WIWA02,2727,1997
PL_WIWA02,2726,1997
DELR0405N,3760,2000
DELR0405N,3759,2000
DELR0405N,3762,2001
DELR0405N,3761,2001
DELR0405N,3764,2004
DELR0405N,3763,2004
DELR19,3312,2006
AT173,4213,2007
AT37,4351,2007
AT170,4210,2007
AT169,4208,2007
AT195,4229,2007
AT175,4215,2007
AT33,4323,2007
AT35,4340,2007
AT190,4224,2007
AT171,4211,2007
AT191,4225,2007
AT192,4226,2007
AT34,4334,2007
AT167,4206,2007
AT194,4228,2007
AT174,4214,2007
AT196,4230,2007
AT193,4227,2007
AT165,4204,2007
AT166,4205,2007
AT186,4219,2007
AT168,4207,2007
AT172,4212,2007
AT188,4221,2007
AT187,4220,2007
AT185,4218,2007
AT189,4222,2007
PL_WIDO01,2670,1998
PL_WIDO01,2669,1998
DELR0390N,3577,2007
DELR0390N,3576,2007
DELR0390N,3573,2001
DELR0390N,3575,2003
DELR0390N,3574,2002
DELR0390N,3578,2004
DELR0390H,3580,2007
DELR0390H,3579,2007
PL_NARPN04_SO,2618,2001
PL_WIDO03,2673,1998
PL_WIDO02,2671,1998
PL_WIDO1_SO,2693,1998
AT295,4303,2007
AT283,4290,2007
AT303,4312,2007
AT296,4304,2007
AT302,4311,2007
AT286,4293,2007
AT297,4305,2007
AT292,4300,2007
AT285,4292,2007
AT290,4298,2007
AT298,4306,2007
AT291,4299,2007
AT293,4301,2007
AT300,4309,2007
AT299,4307,2007
AT284,4291,2007
AT289,4296,2007
AT301,4310,2007
DELR20,3313,2006
DELR0660N,3607,2002
DELR0660N,3606,2002
